title,link
Software Developer,https://roadmap.sh/
Data Scientist,https://roadmap.sh/ai-data-scientist
UI/UX Designer,https://roadmap.sh/ux-design
Graphic Designer,https://www.springboard.com/blog/design/become-graphic-designer/
Digital Marketer,https://roadmap.sh/marketing
Content Writer,https://www.simplilearn.com/how-to-become-content-writer-article
Cybersecurity Analyst,https://brainstation.io/career-guides/how-to-become-a-cybersecurity-analyst
Mechanical Engineer,https://www.scribd.com/document/709545437/Mechanical-Engineer-Roadmap
Electrical Engineer,https://mailamengg.com/essential-skills-for-electrical-engineering/
Architect,https://leadwithtech.in/becoming-an-architect-a-career-roadmap/
Doctor,https://uthscsa.edu/medicine/education/ume/outreach/become-doctor
Nurse,https://www.allnursingschools.com/how-to-become-a-nurse/
Teacher,https://www.teachersoftomorrow.org/blog/insights/teacher-skills-for-resume/
Professor,https://www.mindgroom.com/blog/how-to-become-a-professor-a-complete-step-by-step-guide/
Entrepreneur,https://extension.okstate.edu/fact-sheets/entrepreneurship-roadmap-key-stages-of-developing-a-business.html
HR Manager,https://gradadmissions.scranton.edu/blog/articles/human-resources/top-hr-manager-skills.shtml
Product Manager,https://www.productplan.com/learn/product-manager-career-path/
Marketing Analyst,https://www.nobledesktop.com/careers/marketing-analyst
AI Engineer,https://www.ideas2it.com/blogs/ai-engineer-roadmap
Game Developer,https://www.reddit.com/r/GameDevelopersOfIndia/comments/1jhd4fd/game_development_roadmap_2025_for_beginners/
UX Researcher,https://www.thecareeraccelerators.ca/blog/how-to-become-a-ux-researcher-your-2025-career-roadmap
Environmental Scientist,https://www.bls.gov/ooh/life-physical-and-social-science/environmental-scientists-and-specialists.htm
Social Worker,https://www.socialworkdegrees.org/10-skills-needed-for-social-work
Event Manager,https://www.torrens.edu.au/stories/blog/business/what-skills-do-you-need-in-event-management
Mechanical Technician,https://www.visualcv.com/resume-skills/mechanical-technician/
